<?xml version="1.0" encoding="UTF-8"?>
<project xmlns="http://maven.apache.org/POM/4.0.0" xmlns:xsi="http://www.w3.org/2001/XMLSchema-instance" xsi:schemaLocation="http://maven.apache.org/POM/4.0.0 http://maven.apache.org/maven-v4_0_0.xsd">
  <modelVersion>4.0.0</modelVersion>
  <groupId>dev.danielom</groupId>
  <artifactId>amef</artifactId>
  <name>AMEF</name>
  <version>1.0.0</version>
  <description>Accessibility Metadata Extractor</description>
  <build>
    <pluginManagement>
      <plugins>
        <plugin>
          <groupId>org.eclipse.m2e</groupId>
          <artifactId>lifecycle-mapping</artifactId>
          <version>1.0.0</version>
          <configuration>
            <lifecycleMappingMetadata>
              <pluginExecutions>
                <pluginExecution>
                  <pluginExecutionFilter>
                    <groupId>org.apache.maven.plugins</groupId>
                    <artifactId>maven-install-plugin</artifactId>
                    <versionRange>[2.3.1,)</versionRange>
                    <goals>
                      <goal>install-file</goal>
                    </goals>
                  </pluginExecutionFilter>
                  <action>
                    <ignore />
                  </action>
                </pluginExecution>
              </pluginExecutions>
            </lifecycleMappingMetadata>
          </configuration>
        </plugin>
      </plugins>
    </pluginManagement>
    <plugins>
      <plugin>
        <artifactId>maven-compiler-plugin</artifactId>
        <version>3.3</version>
        <configuration>
          <source>1.8</source>
          <target>1.8</target>
        </configuration>
      </plugin>
      <plugin>
        <groupId>org.openjfx</groupId>
        <artifactId>javafx-maven-plugin</artifactId>
        <version>0.0.3</version>
        <configuration>
          <mainClass>amef.UI.App</mainClass>
        </configuration>
      </plugin>
      <plugin>
        <artifactId>maven-surefire-plugin</artifactId>
        <version>2.16</version>
        <configuration>
          <testFailureIgnore>true</testFailureIgnore>
          <skipTests>true</skipTests>
        </configuration>
      </plugin>
      <plugin>
        <artifactId>maven-jar-plugin</artifactId>
        <version>2.4</version>
        <configuration>
          <archive>
            <manifest>
              <mainClass>amef.Worker</mainClass>
              <packageName>org.webdatacommons.framework</packageName>
            </manifest>
          </archive>
          <outputDirectory />
        </configuration>
      </plugin>
      <plugin>
        <artifactId>maven-shade-plugin</artifactId>
        <version>2.2</version>
        <executions>
          <execution>
            <id>shade-services</id>
            <phase>package</phase>
            <goals>
              <goal>shade</goal>
            </goals>
            <configuration>
              <filters>
                <filter>
                  <artifact>*:*</artifact>
                  <excludes>
                    <exclude>META-INF/*.SF</exclude>
                    <exclude>META-INF/*.DSA</exclude>
                    <exclude>META-INF/*.RSA</exclude>
                  </excludes>
                </filter>
              </filters>
              <transformers>
                <transformer />
              </transformers>
            </configuration>
          </execution>
        </executions>
      </plugin>
    </plugins>
  </build>
  <repositories>
    <repository>
      <id>lski</id>
      <url>https://breda.informatik.uni-mannheim.de/nexus/content/groups/public/</url>
    </repository>
    <repository>
      <releases>
        <updatePolicy>daily</updatePolicy>
        <checksumPolicy>warn</checksumPolicy>
      </releases>
      <snapshots>
        <updatePolicy>daily</updatePolicy>
        <checksumPolicy>warn</checksumPolicy>
      </snapshots>
      <id>internetarchive</id>
      <name>Internet Archive Maven Repository</name>
      <url>http://builds.archive.org:8080/maven2</url>
    </repository>
    <repository>
      <id>lski3rdparty</id>
      <url>https://breda.informatik.uni-mannheim.de/nexus/content/repositories/thirdparty/</url>
    </repository>
    <repository>
      <releases>
        <updatePolicy>daily</updatePolicy>
        <checksumPolicy>warn</checksumPolicy>
      </releases>
      <snapshots>
        <updatePolicy>daily</updatePolicy>
        <checksumPolicy>warn</checksumPolicy>
      </snapshots>
      <id>internetarchive3rdpard</id>
      <name>Internet Archive Maven Repository 3rd Party</name>
      <url>http://builds.archive.org:8080/maven2</url>
    </repository>
  </repositories>
  <properties>
    <project.build.sourceEncoding>UTF-8</project.build.sourceEncoding>
    <jclouds.version>1.8.1</jclouds.version>
  </properties>
</project>

