{
  "rulesDirectory": [
    "node_modules/codelyzer"
  ],
  "extends": [
    "tslint:recommended",
    "tslint-config-airbnb",
    "tslint-angular"
  ],
  "rules": {
    "max-line-length": [
      true,
      {
        "ignore-pattern": "(\"|'|`).*?\\1"
      }
    ],
    "function-name": [
      true,
      {
        "function-regex": "^[A-Z]?[a-z][\\w\\d]+$"
      }
    ],
    "ter-computed-property-spacing": false,
    "quotemark": [
      true,
      "single",
      "avoid-escape"
    ],
    "object-literal-sort-keys": false,
    "arrow-parens": false,
    "ter-arrow-parens": [
      true,
      "as-needed",
      {
        "requireForBlockBody": true
      }
    ],
    "no-conditional-assignment": false,
    "object-literal-key-quotes": [
      true,
      "consistent-as-needed"
    ]
  }
}
